{
  "surat": [
    { "name": "Surat Pelantikan Penyelaras TMK", "link": "https://drive.google.com/file/d/1GkzV6XrMPn/edit" }
  ],
  "dasar": [
    { "name": "Dasar Keselamatan ICT", "link": "https://drive.google.com/file/d/1x2y.../view" }
  ],
  "panduan": [
    { "name": "Panduan Guru TMK", "link": "https://drive.google.com/file/d/abc123/view" }
  ],
  "tahap1": [
    { "name": "Modul Tahap 1", "link": "https://drive.google.com/file/d/def456/view" }
  ],
  "tahap2": [
    { "name": "Modul Tahap 2", "link": "https://drive.google.com/file/d/ghi789/view" }
  ],
  "aktiviti": [
    { "name": "Aktiviti ICT", "link": "https://drive.google.com/file/d/jkl012/view" }
  ]
}